	minimum	maximum
bio1	9.490958687688606	10.545509652968134
