substrate	max_growth_WT	status	h2_flux	substrate_flux	h2_yield_per_100C	growth_at_h2_max	co2_flux	nitrogenase_flux
acetate	10.70200607710518	optimal	94.66622619482861	10.0	473.33113097414304	8.561604861684144	0.23	0.0
succinate	10.589936423155066	optimal	93.68448648787192	5.0	468.42243243935957	8.471949138524053	0.23	0.0
butyrate	10.812601130344982	optimal	95.95036055715235	5.0	479.75180278576175	8.650080904275987	0.23	0.0
